,taxa_id,W,detected_0.9,detected_0.8,detected_0.7,detected_0.6
3,AEROBACTINSYN-PWY,Inf,TRUE,TRUE,TRUE,TRUE
58,HCAMHPDEG-PWY,Inf,TRUE,TRUE,TRUE,TRUE
71,LIPASYN-PWY,Inf,TRUE,TRUE,TRUE,TRUE
153,PWY-5499,Inf,TRUE,TRUE,TRUE,TRUE
162,PWY-5655,Inf,TRUE,TRUE,TRUE,TRUE
170,PWY-5741,Inf,TRUE,TRUE,TRUE,TRUE
196,PWY-6071,Inf,TRUE,TRUE,TRUE,TRUE
197,PWY-6107,Inf,TRUE,TRUE,TRUE,TRUE
210,PWY-6210,Inf,TRUE,TRUE,TRUE,TRUE
228,PWY-6505,Inf,TRUE,TRUE,TRUE,TRUE
241,PWY-6690,Inf,TRUE,TRUE,TRUE,TRUE
245,PWY-6728,Inf,TRUE,TRUE,TRUE,TRUE
260,PWY-7046,Inf,TRUE,TRUE,TRUE,TRUE
289,PWY-7315,Inf,TRUE,TRUE,TRUE,TRUE
293,PWY-7347,Inf,TRUE,TRUE,TRUE,TRUE
314,PWY0-1277,Inf,TRUE,TRUE,TRUE,TRUE
346,SUCSYN-PWY,Inf,TRUE,TRUE,TRUE,TRUE
352,THREOCAT-PWY,Inf,TRUE,TRUE,TRUE,TRUE
1,1CMET2-PWY,0,FALSE,FALSE,FALSE,FALSE
2,3-HYDROXYPHENYLACETATE-DEGRADATION-PWY,0,FALSE,FALSE,FALSE,FALSE
4,ALL-CHORISMATE-PWY,0,FALSE,FALSE,FALSE,FALSE
5,ANAEROFRUCAT-PWY,0,FALSE,FALSE,FALSE,FALSE
6,ANAGLYCOLYSIS-PWY,0,FALSE,FALSE,FALSE,FALSE
7,ARG+POLYAMINE-SYN,0,FALSE,FALSE,FALSE,FALSE
8,ARGORNPROST-PWY,0,FALSE,FALSE,FALSE,FALSE
9,ARGSYN-PWY,0,FALSE,FALSE,FALSE,FALSE
10,ARGSYNBSUB-PWY,0,FALSE,FALSE,FALSE,FALSE
11,ARO-PWY,0,FALSE,FALSE,FALSE,FALSE
12,ASPASN-PWY,0,FALSE,FALSE,FALSE,FALSE
13,AST-PWY,0,FALSE,FALSE,FALSE,FALSE
14,BIOTIN-BIOSYNTHESIS-PWY,0,FALSE,FALSE,FALSE,FALSE
15,BRANCHED-CHAIN-AA-SYN-PWY,0,FALSE,FALSE,FALSE,FALSE
16,CALVIN-PWY,0,FALSE,FALSE,FALSE,FALSE
17,CATECHOL-ORTHO-CLEAVAGE-PWY,0,FALSE,FALSE,FALSE,FALSE
18,CENTFERM-PWY,0,FALSE,FALSE,FALSE,FALSE
19,CHLOROPHYLL-SYN,0,FALSE,FALSE,FALSE,FALSE
20,COA-PWY,0,FALSE,FALSE,FALSE,FALSE
21,COBALSYN-PWY,0,FALSE,FALSE,FALSE,FALSE
22,CODH-PWY,0,FALSE,FALSE,FALSE,FALSE
23,COLANSYN-PWY,0,FALSE,FALSE,FALSE,FALSE
24,COMPLETE-ARO-PWY,0,FALSE,FALSE,FALSE,FALSE
25,CRNFORCAT-PWY,0,FALSE,FALSE,FALSE,FALSE
26,DAPLYSINESYN-PWY,0,FALSE,FALSE,FALSE,FALSE
27,DENITRIFICATION-PWY,0,FALSE,FALSE,FALSE,FALSE
28,DENOVOPURINE2-PWY,0,FALSE,FALSE,FALSE,FALSE
29,DTDPRHAMSYN-PWY,0,FALSE,FALSE,FALSE,FALSE
30,ENTBACSYN-PWY,0,FALSE,FALSE,FALSE,FALSE
31,FAO-PWY,0,FALSE,FALSE,FALSE,FALSE
32,FASYN-ELONG-PWY,0,FALSE,FALSE,FALSE,FALSE
33,FASYN-INITIAL-PWY,0,FALSE,FALSE,FALSE,FALSE
34,FERMENTATION-PWY,0,FALSE,FALSE,FALSE,FALSE
35,FOLSYN-PWY,0,FALSE,FALSE,FALSE,FALSE
36,FUC-RHAMCAT-PWY,0,FALSE,FALSE,FALSE,FALSE
37,FUCCAT-PWY,0,FALSE,FALSE,FALSE,FALSE
38,GALACT-GLUCUROCAT-PWY,0,FALSE,FALSE,FALSE,FALSE
39,GALACTARDEG-PWY,NA,NA,NA,NA,NA
40,GALACTUROCAT-PWY,0,FALSE,FALSE,FALSE,FALSE
41,GALLATE-DEGRADATION-I-PWY,0,FALSE,FALSE,FALSE,FALSE
42,GALLATE-DEGRADATION-II-PWY,0,FALSE,FALSE,FALSE,FALSE
43,GLCMANNANAUT-PWY,0,FALSE,FALSE,FALSE,FALSE
44,GLUCARDEG-PWY,0,FALSE,FALSE,FALSE,FALSE
45,GLUCARGALACTSUPER-PWY,NA,NA,NA,NA,NA
46,GLUCONEO-PWY,0,FALSE,FALSE,FALSE,FALSE
47,GLUCOSE1PMETAB-PWY,0,FALSE,FALSE,FALSE,FALSE
48,GLUCUROCAT-PWY,0,FALSE,FALSE,FALSE,FALSE
49,GLUTORN-PWY,0,FALSE,FALSE,FALSE,FALSE
50,GLYCOCAT-PWY,0,FALSE,FALSE,FALSE,FALSE
51,GLYCOGENSYNTH-PWY,0,FALSE,FALSE,FALSE,FALSE
52,GLYCOL-GLYOXDEG-PWY,0,FALSE,FALSE,FALSE,FALSE
53,GLYCOLYSIS,0,FALSE,FALSE,FALSE,FALSE
54,GLYCOLYSIS-E-D,0,FALSE,FALSE,FALSE,FALSE
55,GLYCOLYSIS-TCA-GLYOX-BYPASS,0,FALSE,FALSE,FALSE,FALSE
56,GLYOXYLATE-BYPASS,0,FALSE,FALSE,FALSE,FALSE
57,GOLPDLCAT-PWY,0,FALSE,FALSE,FALSE,FALSE
59,HEME-BIOSYNTHESIS-II,0,FALSE,FALSE,FALSE,FALSE
60,HEMESYN2-PWY,0,FALSE,FALSE,FALSE,FALSE
61,HEXITOLDEGSUPER-PWY,0,FALSE,FALSE,FALSE,FALSE
62,HISDEG-PWY,0,FALSE,FALSE,FALSE,FALSE
63,HISTSYN-PWY,0,FALSE,FALSE,FALSE,FALSE
64,HOMOSER-METSYN-PWY,0,FALSE,FALSE,FALSE,FALSE
65,HSERMETANA-PWY,0,FALSE,FALSE,FALSE,FALSE
66,ILEUSYN-PWY,NA,NA,NA,NA,NA
67,KDO-NAGLIPASYN-PWY,0,FALSE,FALSE,FALSE,FALSE
68,KETOGLUCONMET-PWY,0,FALSE,FALSE,FALSE,FALSE
69,LACTOSECAT-PWY,0,FALSE,FALSE,FALSE,FALSE
70,LEU-DEG2-PWY,0,FALSE,FALSE,FALSE,FALSE
72,MET-SAM-PWY,0,FALSE,FALSE,FALSE,FALSE
73,METHGLYUT-PWY,0,FALSE,FALSE,FALSE,FALSE
74,METHYLGALLATE-DEGRADATION-PWY,0,FALSE,FALSE,FALSE,FALSE
75,NAD-BIOSYNTHESIS-II,0,FALSE,FALSE,FALSE,FALSE
76,NADSYN-PWY,0,FALSE,FALSE,FALSE,FALSE
77,NAGLIPASYN-PWY,0,FALSE,FALSE,FALSE,FALSE
78,NONMEVIPP-PWY,NA,NA,NA,NA,NA
79,NONOXIPENT-PWY,0,FALSE,FALSE,FALSE,FALSE
80,OANTIGEN-PWY,0,FALSE,FALSE,FALSE,FALSE
81,P101-PWY,0,FALSE,FALSE,FALSE,FALSE
82,P105-PWY,0,FALSE,FALSE,FALSE,FALSE
83,P108-PWY,0,FALSE,FALSE,FALSE,FALSE
84,P122-PWY,0,FALSE,FALSE,FALSE,FALSE
85,P124-PWY,0,FALSE,FALSE,FALSE,FALSE
86,P125-PWY,0,FALSE,FALSE,FALSE,FALSE
87,P161-PWY,0,FALSE,FALSE,FALSE,FALSE
88,P162-PWY,0,FALSE,FALSE,FALSE,FALSE
89,P163-PWY,0,FALSE,FALSE,FALSE,FALSE
90,P164-PWY,0,FALSE,FALSE,FALSE,FALSE
91,P184-PWY,0,FALSE,FALSE,FALSE,FALSE
92,P221-PWY,0,FALSE,FALSE,FALSE,FALSE
93,P23-PWY,0,FALSE,FALSE,FALSE,FALSE
94,P281-PWY,0,FALSE,FALSE,FALSE,FALSE
95,P341-PWY,0,FALSE,FALSE,FALSE,FALSE
96,P381-PWY,0,FALSE,FALSE,FALSE,FALSE
97,P4-PWY,0,FALSE,FALSE,FALSE,FALSE
98,P42-PWY,0,FALSE,FALSE,FALSE,FALSE
99,P441-PWY,0,FALSE,FALSE,FALSE,FALSE
100,P461-PWY,0,FALSE,FALSE,FALSE,FALSE
101,P562-PWY,0,FALSE,FALSE,FALSE,FALSE
102,P621-PWY,0,FALSE,FALSE,FALSE,FALSE
103,PANTO-PWY,0,FALSE,FALSE,FALSE,FALSE
104,PANTOSYN-PWY,0,FALSE,FALSE,FALSE,FALSE
105,PENTOSE-P-PWY,0,FALSE,FALSE,FALSE,FALSE
106,PEPTIDOGLYCANSYN-PWY,0,FALSE,FALSE,FALSE,FALSE
107,PHOSLIPSYN-PWY,0,FALSE,FALSE,FALSE,FALSE
108,POLYAMINSYN3-PWY,0,FALSE,FALSE,FALSE,FALSE
109,POLYAMSYN-PWY,0,FALSE,FALSE,FALSE,FALSE
110,POLYISOPRENSYN-PWY,0,FALSE,FALSE,FALSE,FALSE
111,PPGPPMET-PWY,0,FALSE,FALSE,FALSE,FALSE
112,PROTOCATECHUATE-ORTHO-CLEAVAGE-PWY,0,FALSE,FALSE,FALSE,FALSE
113,PRPP-PWY,0,FALSE,FALSE,FALSE,FALSE
114,PWY-1269,0,FALSE,FALSE,FALSE,FALSE
115,PWY-181,0,FALSE,FALSE,FALSE,FALSE
116,PWY-1861,0,FALSE,FALSE,FALSE,FALSE
117,PWY-2941,0,FALSE,FALSE,FALSE,FALSE
118,PWY-2942,0,FALSE,FALSE,FALSE,FALSE
119,PWY-3001,0,FALSE,FALSE,FALSE,FALSE
120,PWY-3661,0,FALSE,FALSE,FALSE,FALSE
121,PWY-3781,0,FALSE,FALSE,FALSE,FALSE
122,PWY-4984,0,FALSE,FALSE,FALSE,FALSE
123,PWY-5005,0,FALSE,FALSE,FALSE,FALSE
124,PWY-5022,0,FALSE,FALSE,FALSE,FALSE
125,PWY-5028,0,FALSE,FALSE,FALSE,FALSE
126,PWY-5088,0,FALSE,FALSE,FALSE,FALSE
127,PWY-5097,0,FALSE,FALSE,FALSE,FALSE
128,PWY-5100,0,FALSE,FALSE,FALSE,FALSE
129,PWY-5101,0,FALSE,FALSE,FALSE,FALSE
130,PWY-5103,0,FALSE,FALSE,FALSE,FALSE
131,PWY-5104,0,FALSE,FALSE,FALSE,FALSE
132,PWY-5121,0,FALSE,FALSE,FALSE,FALSE
133,PWY-5154,0,FALSE,FALSE,FALSE,FALSE
134,PWY-5177,0,FALSE,FALSE,FALSE,FALSE
135,PWY-5178,0,FALSE,FALSE,FALSE,FALSE
136,PWY-5180,NA,NA,NA,NA,NA
137,PWY-5181,0,FALSE,FALSE,FALSE,FALSE
138,PWY-5182,NA,NA,NA,NA,NA
139,PWY-5188,0,FALSE,FALSE,FALSE,FALSE
140,PWY-5189,0,FALSE,FALSE,FALSE,FALSE
141,PWY-5265,0,FALSE,FALSE,FALSE,FALSE
142,PWY-5304,0,FALSE,FALSE,FALSE,FALSE
143,PWY-5345,0,FALSE,FALSE,FALSE,FALSE
144,PWY-5347,0,FALSE,FALSE,FALSE,FALSE
145,PWY-5384,0,FALSE,FALSE,FALSE,FALSE
146,PWY-5415,0,FALSE,FALSE,FALSE,FALSE
147,PWY-5417,NA,NA,NA,NA,NA
148,PWY-5419,0,FALSE,FALSE,FALSE,FALSE
149,PWY-5420,0,FALSE,FALSE,FALSE,FALSE
150,PWY-5430,0,FALSE,FALSE,FALSE,FALSE
151,PWY-5431,NA,NA,NA,NA,NA
152,PWY-5484,0,FALSE,FALSE,FALSE,FALSE
154,PWY-5505,0,FALSE,FALSE,FALSE,FALSE
155,PWY-5507,0,FALSE,FALSE,FALSE,FALSE
156,PWY-5509,0,FALSE,FALSE,FALSE,FALSE
157,PWY-5529,0,FALSE,FALSE,FALSE,FALSE
158,PWY-5531,NA,NA,NA,NA,NA
159,PWY-5647,0,FALSE,FALSE,FALSE,FALSE
160,PWY-5651,0,FALSE,FALSE,FALSE,FALSE
161,PWY-5654,0,FALSE,FALSE,FALSE,FALSE
163,PWY-5659,0,FALSE,FALSE,FALSE,FALSE
164,PWY-5667,0,FALSE,FALSE,FALSE,FALSE
165,PWY-5676,0,FALSE,FALSE,FALSE,FALSE
166,PWY-5677,0,FALSE,FALSE,FALSE,FALSE
167,PWY-5686,0,FALSE,FALSE,FALSE,FALSE
168,PWY-5695,0,FALSE,FALSE,FALSE,FALSE
169,PWY-5705,0,FALSE,FALSE,FALSE,FALSE
171,PWY-5747,0,FALSE,FALSE,FALSE,FALSE
172,PWY-5837,0,FALSE,FALSE,FALSE,FALSE
173,PWY-5838,0,FALSE,FALSE,FALSE,FALSE
174,PWY-5840,0,FALSE,FALSE,FALSE,FALSE
175,PWY-5845,NA,NA,NA,NA,NA
176,PWY-5850,NA,NA,NA,NA,NA
177,PWY-5855,NA,NA,NA,NA,NA
178,PWY-5856,NA,NA,NA,NA,NA
179,PWY-5857,NA,NA,NA,NA,NA
180,PWY-5860,NA,NA,NA,NA,NA
181,PWY-5861,0,FALSE,FALSE,FALSE,FALSE
182,PWY-5862,NA,NA,NA,NA,NA
183,PWY-5863,0,FALSE,FALSE,FALSE,FALSE
184,PWY-5896,NA,NA,NA,NA,NA
185,PWY-5897,NA,NA,NA,NA,NA
186,PWY-5898,NA,NA,NA,NA,NA
187,PWY-5899,NA,NA,NA,NA,NA
188,PWY-5910,0,FALSE,FALSE,FALSE,FALSE
189,PWY-5913,0,FALSE,FALSE,FALSE,FALSE
190,PWY-5918,0,FALSE,FALSE,FALSE,FALSE
191,PWY-5920,0,FALSE,FALSE,FALSE,FALSE
192,PWY-5941,0,FALSE,FALSE,FALSE,FALSE
193,PWY-5971,0,FALSE,FALSE,FALSE,FALSE
194,PWY-5973,0,FALSE,FALSE,FALSE,FALSE
195,PWY-5989,0,FALSE,FALSE,FALSE,FALSE
198,PWY-6121,0,FALSE,FALSE,FALSE,FALSE
199,PWY-6122,NA,NA,NA,NA,NA
200,PWY-6123,0,FALSE,FALSE,FALSE,FALSE
201,PWY-6125,0,FALSE,FALSE,FALSE,FALSE
202,PWY-6126,0,FALSE,FALSE,FALSE,FALSE
203,PWY-6143,0,FALSE,FALSE,FALSE,FALSE
204,PWY-6147,0,FALSE,FALSE,FALSE,FALSE
205,PWY-6151,0,FALSE,FALSE,FALSE,FALSE
206,PWY-6163,0,FALSE,FALSE,FALSE,FALSE
207,PWY-6182,0,FALSE,FALSE,FALSE,FALSE
208,PWY-6185,0,FALSE,FALSE,FALSE,FALSE
209,PWY-621,0,FALSE,FALSE,FALSE,FALSE
211,PWY-6263,0,FALSE,FALSE,FALSE,FALSE
212,PWY-6269,0,FALSE,FALSE,FALSE,FALSE
213,PWY-6277,NA,NA,NA,NA,NA
214,PWY-6282,0,FALSE,FALSE,FALSE,FALSE
215,PWY-6317,0,FALSE,FALSE,FALSE,FALSE
216,PWY-6338,NA,NA,NA,NA,NA
217,PWY-6353,0,FALSE,FALSE,FALSE,FALSE
218,PWY-6383,0,FALSE,FALSE,FALSE,FALSE
219,PWY-6385,0,FALSE,FALSE,FALSE,FALSE
220,PWY-6386,0,FALSE,FALSE,FALSE,FALSE
221,PWY-6387,0,FALSE,FALSE,FALSE,FALSE
222,PWY-6396,0,FALSE,FALSE,FALSE,FALSE
223,PWY-6397,0,FALSE,FALSE,FALSE,FALSE
224,PWY-6467,0,FALSE,FALSE,FALSE,FALSE
225,PWY-6470,0,FALSE,FALSE,FALSE,FALSE
226,PWY-6471,0,FALSE,FALSE,FALSE,FALSE
227,PWY-6478,0,FALSE,FALSE,FALSE,FALSE
229,PWY-6507,0,FALSE,FALSE,FALSE,FALSE
230,PWY-6519,0,FALSE,FALSE,FALSE,FALSE
231,PWY-6545,0,FALSE,FALSE,FALSE,FALSE
232,PWY-6562,0,FALSE,FALSE,FALSE,FALSE
233,PWY-6572,0,FALSE,FALSE,FALSE,FALSE
234,PWY-6588,0,FALSE,FALSE,FALSE,FALSE
235,PWY-6590,0,FALSE,FALSE,FALSE,FALSE
236,PWY-6608,0,FALSE,FALSE,FALSE,FALSE
237,PWY-6609,0,FALSE,FALSE,FALSE,FALSE
238,PWY-6612,0,FALSE,FALSE,FALSE,FALSE
239,PWY-6628,0,FALSE,FALSE,FALSE,FALSE
240,PWY-6630,0,FALSE,FALSE,FALSE,FALSE
242,PWY-6700,0,FALSE,FALSE,FALSE,FALSE
243,PWY-6703,0,FALSE,FALSE,FALSE,FALSE
244,PWY-6708,NA,NA,NA,NA,NA
246,PWY-6737,0,FALSE,FALSE,FALSE,FALSE
247,PWY-6749,0,FALSE,FALSE,FALSE,FALSE
248,PWY-6876,0,FALSE,FALSE,FALSE,FALSE
249,PWY-6891,0,FALSE,FALSE,FALSE,FALSE
250,PWY-6892,0,FALSE,FALSE,FALSE,FALSE
251,PWY-6895,0,FALSE,FALSE,FALSE,FALSE
252,PWY-6897,0,FALSE,FALSE,FALSE,FALSE
253,PWY-6901,0,FALSE,FALSE,FALSE,FALSE
254,PWY-6969,0,FALSE,FALSE,FALSE,FALSE
255,PWY-6992,0,FALSE,FALSE,FALSE,FALSE
256,PWY-7003,0,FALSE,FALSE,FALSE,FALSE
257,PWY-7007,0,FALSE,FALSE,FALSE,FALSE
258,PWY-7013,0,FALSE,FALSE,FALSE,FALSE
259,PWY-7031,0,FALSE,FALSE,FALSE,FALSE
261,PWY-7090,0,FALSE,FALSE,FALSE,FALSE
262,PWY-7094,0,FALSE,FALSE,FALSE,FALSE
263,PWY-7097,NA,NA,NA,NA,NA
264,PWY-7098,0,FALSE,FALSE,FALSE,FALSE
265,PWY-7111,0,FALSE,FALSE,FALSE,FALSE
266,PWY-7159,NA,NA,NA,NA,NA
267,PWY-7184,0,FALSE,FALSE,FALSE,FALSE
268,PWY-7187,0,FALSE,FALSE,FALSE,FALSE
269,PWY-7196,0,FALSE,FALSE,FALSE,FALSE
270,PWY-7197,0,FALSE,FALSE,FALSE,FALSE
271,PWY-7198,0,FALSE,FALSE,FALSE,FALSE
272,PWY-7199,0,FALSE,FALSE,FALSE,FALSE
273,PWY-7200,0,FALSE,FALSE,FALSE,FALSE
274,PWY-7208,0,FALSE,FALSE,FALSE,FALSE
275,PWY-7210,0,FALSE,FALSE,FALSE,FALSE
276,PWY-7211,0,FALSE,FALSE,FALSE,FALSE
277,PWY-7219,0,FALSE,FALSE,FALSE,FALSE
278,PWY-7220,NA,NA,NA,NA,NA
279,PWY-7221,0,FALSE,FALSE,FALSE,FALSE
280,PWY-7222,NA,NA,NA,NA,NA
281,PWY-7228,0,FALSE,FALSE,FALSE,FALSE
282,PWY-7229,0,FALSE,FALSE,FALSE,FALSE
283,PWY-7234,0,FALSE,FALSE,FALSE,FALSE
284,PWY-7237,0,FALSE,FALSE,FALSE,FALSE
285,PWY-7242,0,FALSE,FALSE,FALSE,FALSE
286,PWY-7254,0,FALSE,FALSE,FALSE,FALSE
287,PWY-7255,0,FALSE,FALSE,FALSE,FALSE
288,PWY-7295,0,FALSE,FALSE,FALSE,FALSE
290,PWY-7323,0,FALSE,FALSE,FALSE,FALSE
291,PWY-7328,0,FALSE,FALSE,FALSE,FALSE
292,PWY-7332,0,FALSE,FALSE,FALSE,FALSE
294,PWY-7371,0,FALSE,FALSE,FALSE,FALSE
295,PWY-7373,0,FALSE,FALSE,FALSE,FALSE
296,PWY-7374,0,FALSE,FALSE,FALSE,FALSE
297,PWY-7376,0,FALSE,FALSE,FALSE,FALSE
298,PWY-7377,0,FALSE,FALSE,FALSE,FALSE
299,PWY-7391,0,FALSE,FALSE,FALSE,FALSE
300,PWY-7392,0,FALSE,FALSE,FALSE,FALSE
301,PWY-7400,0,FALSE,FALSE,FALSE,FALSE
302,PWY-7431,0,FALSE,FALSE,FALSE,FALSE
303,PWY-7456,0,FALSE,FALSE,FALSE,FALSE
304,PWY-7539,0,FALSE,FALSE,FALSE,FALSE
305,PWY-7560,NA,NA,NA,NA,NA
306,PWY-7616,0,FALSE,FALSE,FALSE,FALSE
307,PWY-7663,0,FALSE,FALSE,FALSE,FALSE
308,PWY-7664,0,FALSE,FALSE,FALSE,FALSE
309,PWY-841,0,FALSE,FALSE,FALSE,FALSE
310,PWY-922,0,FALSE,FALSE,FALSE,FALSE
311,PWY0-1061,0,FALSE,FALSE,FALSE,FALSE
312,PWY0-1241,0,FALSE,FALSE,FALSE,FALSE
313,PWY0-1261,0,FALSE,FALSE,FALSE,FALSE
315,PWY0-1296,0,FALSE,FALSE,FALSE,FALSE
316,PWY0-1297,0,FALSE,FALSE,FALSE,FALSE
317,PWY0-1298,0,FALSE,FALSE,FALSE,FALSE
318,PWY0-1319,0,FALSE,FALSE,FALSE,FALSE
319,PWY0-1415,0,FALSE,FALSE,FALSE,FALSE
320,PWY0-1479,0,FALSE,FALSE,FALSE,FALSE
321,PWY0-1533,0,FALSE,FALSE,FALSE,FALSE
322,PWY0-1586,0,FALSE,FALSE,FALSE,FALSE
323,PWY0-162,0,FALSE,FALSE,FALSE,FALSE
324,PWY0-166,0,FALSE,FALSE,FALSE,FALSE
325,PWY0-321,0,FALSE,FALSE,FALSE,FALSE
326,PWY0-41,0,FALSE,FALSE,FALSE,FALSE
327,PWY0-42,0,FALSE,FALSE,FALSE,FALSE
328,PWY0-781,0,FALSE,FALSE,FALSE,FALSE
329,PWY0-845,0,FALSE,FALSE,FALSE,FALSE
330,PWY0-862,0,FALSE,FALSE,FALSE,FALSE
331,PWY1G-0,0,FALSE,FALSE,FALSE,FALSE
332,PWY490-3,0,FALSE,FALSE,FALSE,FALSE
333,PWY4FS-7,NA,NA,NA,NA,NA
334,PWY4FS-8,NA,NA,NA,NA,NA
335,PWYG-321,0,FALSE,FALSE,FALSE,FALSE
336,PYRIDNUCSAL-PWY,0,FALSE,FALSE,FALSE,FALSE
337,PYRIDNUCSYN-PWY,0,FALSE,FALSE,FALSE,FALSE
338,PYRIDOXSYN-PWY,0,FALSE,FALSE,FALSE,FALSE
339,REDCITCYC,0,FALSE,FALSE,FALSE,FALSE
340,RHAMCAT-PWY,0,FALSE,FALSE,FALSE,FALSE
341,RIBOSYN2-PWY,0,FALSE,FALSE,FALSE,FALSE
342,RUMP-PWY,0,FALSE,FALSE,FALSE,FALSE
343,SALVADEHYPOX-PWY,0,FALSE,FALSE,FALSE,FALSE
344,SER-GLYSYN-PWY,0,FALSE,FALSE,FALSE,FALSE
345,SO4ASSIM-PWY,0,FALSE,FALSE,FALSE,FALSE
347,SULFATE-CYS-PWY,0,FALSE,FALSE,FALSE,FALSE
348,TCA,0,FALSE,FALSE,FALSE,FALSE
349,TCA-GLYOX-BYPASS,0,FALSE,FALSE,FALSE,FALSE
350,TEICHOICACID-PWY,0,FALSE,FALSE,FALSE,FALSE
351,THISYN-PWY,0,FALSE,FALSE,FALSE,FALSE
353,THRESYN-PWY,0,FALSE,FALSE,FALSE,FALSE
354,TRNA-CHARGING-PWY,0,FALSE,FALSE,FALSE,FALSE
355,TRPSYN-PWY,0,FALSE,FALSE,FALSE,FALSE
356,TYRFUMCAT-PWY,0,FALSE,FALSE,FALSE,FALSE
357,UBISYN-PWY,0,FALSE,FALSE,FALSE,FALSE
358,UDPNAGSYN-PWY,0,FALSE,FALSE,FALSE,FALSE
359,VALSYN-PWY,NA,NA,NA,NA,NA
