"","NA","1133","1163","1167","1314","1343","1347","1351","1365","1368","1380","1441","1574","1585","1607","1608","1630","1639","1655","1661","1730","1758","1806","1818","1822","1825","1871","1876","1913","2028","2074","2088","2104","3011","3012","3021","3031","3046","3048","3053","3059","3060","3063","3073","3086","3087","3128","3191","3217","3222","8223"
"",0,NA,NA,NA,NA,NA,NA,NA,NA,NA,NA,NA,NA,NA,NA,NA,NA,NA,NA,NA,NA,NA,NA,NA,NA,NA,NA,NA,NA,NA,NA,NA,NA,NA,NA,NA,NA,NA,NA,NA,NA,NA,NA,NA,NA,NA,NA,NA,NA,NA,NA
"AEROBACTINSYN-PWY",NA,NA,NA,NA,NA,NA,NA,NA,NA,NA,1.938402,0,NA,0,NA,NA,NA,0,NA,NA,NA,NA,NA,NA,NA,NA,NA,NA,0,0,0,NA,0,NA,NA,NA,NA,NA,NA,NA,NA,0,NA,NA,NA,NA,NA,0,0,NA,NA
"HCAMHPDEG-PWY",NA,9.461119,NA,NA,5.435041,8.226075,NA,NA,8.873461,NA,8.88532999999999,NA,NA,NA,NA,NA,NA,NA,NA,NA,4.492694,NA,NA,NA,NA,NA,NA,5.972166,5.494288,6.46745999999999,NA,NA,NA,NA,NA,NA,5.435041,5.252686,NA,8.118476,NA,NA,NA,NA,NA,NA,NA,NA,NA,NA,NA
"LIPASYN-PWY",NA,NA,NA,NA,NA,11.102191,NA,NA,20.140438,NA,19.074505,NA,NA,NA,NA,NA,NA,NA,16.503569,NA,NA,NA,NA,NA,NA,NA,NA,15.265306,NA,NA,11.744504,11.416782,10.606803,16.553998,12.973994,NA,NA,NA,NA,NA,NA,NA,NA,NA,NA,NA,NA,NA,NA,NA,NA
"PWY-5499",NA,NA,NA,NA,NA,NA,NA,NA,NA,NA,0,0,NA,0,NA,NA,NA,0,NA,NA,NA,NA,NA,NA,NA,NA,NA,NA,0,0,0,NA,0,NA,NA,NA,NA,NA,NA,NA,NA,0,NA,NA,NA,NA,NA,0,0,NA,NA
"PWY-5655",NA,21.665692,16.966927,19.085982,23.701956,26.717928,NA,NA,26.759723,NA,27.150319,NA,NA,NA,NA,NA,NA,NA,NA,NA,15.000428,NA,NA,NA,NA,NA,NA,23.670005,23.542298,15.481155,NA,NA,NA,NA,NA,NA,21.887536,NA,NA,14.433372,NA,NA,NA,NA,NA,NA,NA,NA,NA,NA,NA
"PWY-5741",NA,27.792518,NA,NA,NA,NA,NA,NA,32.259009,NA,34.099482,21.11681,NA,NA,NA,NA,NA,29.057464,33.512815,NA,NA,NA,NA,NA,44.718998,NA,22.551077,31.110109,NA,NA,NA,NA,NA,40.046068,29.643743,NA,NA,NA,NA,NA,NA,NA,NA,NA,27.428737,NA,NA,NA,NA,NA,NA
"PWY-6071",NA,NA,NA,NA,23.084573,NA,NA,28.244105,30.032261,NA,NA,NA,NA,NA,20.241293,NA,NA,NA,30.448472,NA,NA,25.708304,35.598205,38.044168,NA,20.544514,NA,NA,30.857307,17.647033,NA,28.915204,NA,36.283002,NA,NA,NA,NA,NA,14.713975,NA,NA,NA,NA,NA,NA,NA,NA,NA,16.030869,NA
"PWY-6107",NA,NA,NA,NA,NA,NA,NA,3.970151,NA,NA,NA,NA,NA,NA,0,NA,NA,NA,NA,0,NA,NA,2.779489,5.712787,NA,2.855835,NA,NA,0.892278,NA,NA,NA,4.73246100000001,NA,NA,NA,NA,NA,0,2.768167,NA,NA,NA,NA,NA,NA,0,NA,NA,NA,NA
"PWY-6210",NA,5.102532,0,0,0,4.86145999999999,NA,NA,6.759039,NA,3.84040599999999,NA,NA,NA,NA,NA,NA,NA,NA,NA,0,NA,NA,NA,NA,NA,NA,0,2.484071,0,NA,NA,NA,NA,NA,NA,0,NA,NA,3.670464,NA,NA,NA,NA,NA,NA,NA,NA,NA,NA,NA
"PWY-6505",NA,21.665692,16.966927,19.085982,23.701956,26.717928,NA,NA,26.759723,NA,27.150319,NA,NA,NA,NA,NA,NA,NA,NA,NA,15.000428,NA,NA,NA,NA,NA,NA,23.670005,23.542298,14.159815,NA,NA,NA,NA,NA,NA,21.887536,NA,NA,14.433372,NA,NA,NA,NA,NA,NA,NA,NA,NA,NA,NA
"PWY-6690",NA,9.461119,NA,NA,5.435041,8.226075,NA,NA,8.873461,NA,8.88532999999999,NA,NA,NA,NA,NA,NA,NA,NA,NA,4.492694,NA,NA,NA,NA,NA,NA,5.972166,5.494288,6.46745999999999,NA,NA,NA,NA,NA,NA,5.435041,5.252686,NA,8.118476,NA,NA,NA,NA,NA,NA,NA,NA,NA,NA,NA
"PWY-6728",NA,30.351036,NA,NA,NA,NA,NA,NA,46.396021,NA,43.976024,32.653762,46.353386,NA,NA,NA,NA,40.751145,45.776204,NA,NA,NA,NA,56.010213,68.306405,NA,39.086818,44.106493,NA,NA,NA,NA,NA,59.311181,42.001602,67.472969,NA,NA,NA,NA,NA,NA,54.162871,NA,41.056733,NA,NA,NA,NA,NA,NA
"PWY-7046",NA,NA,NA,NA,NA,28.581675,NA,NA,26.173223,NA,26.727907,NA,NA,NA,NA,NA,NA,NA,26.483688,NA,NA,NA,NA,NA,NA,NA,NA,25.746615,NA,NA,18.631668,25.342775,16.587151,29.33319,23.264087,NA,NA,NA,NA,NA,NA,NA,NA,NA,NA,NA,NA,NA,NA,NA,NA
"PWY-7315",NA,29.716192,NA,NA,45.602563,NA,NA,NA,NA,NA,43.633237,NA,NA,NA,NA,58.048251,NA,NA,NA,33.76716,38.768622,35.497279,NA,54.112018,NA,NA,NA,43.836039,47.548528,19.005871,NA,NA,NA,NA,NA,64.72928,35.09598,NA,NA,16.523678,NA,NA,NA,NA,NA,NA,NA,44.518943,22.786108,NA,NA
"PWY-7347",NA,NA,NA,NA,NA,NA,NA,NA,NA,NA,47.454994,35.048504,NA,NA,NA,NA,34.050056,43.659836,46.464033,NA,NA,NA,NA,NA,72.883489,NA,42.078658,47.761989,NA,NA,NA,NA,NA,64.4538,44.708299,68.765042,39.646948,NA,NA,NA,NA,NA,NA,NA,44.107314,25.286412,NA,NA,NA,36.606133,NA
"PWY0-1277",NA,20.360364,NA,NA,23.701956,23.791302,NA,NA,25.57005,NA,22.317255,NA,NA,NA,NA,NA,NA,NA,NA,NA,14.781743,NA,NA,NA,NA,NA,NA,23.45132,21.033088,10.096695,NA,NA,NA,NA,NA,NA,20.623948,19.226276,NA,12.593744,NA,NA,NA,NA,NA,NA,NA,NA,NA,NA,NA
"SUCSYN-PWY",NA,NA,NA,NA,NA,NA,NA,NA,NA,NA,47.454994,35.048504,NA,NA,NA,NA,34.050056,43.659836,47.413215,NA,NA,NA,NA,NA,72.883489,NA,42.078658,47.761989,NA,NA,NA,NA,NA,64.4538,44.708299,68.765042,39.646948,NA,NA,NA,NA,NA,NA,NA,44.107314,25.286412,NA,NA,NA,36.606133,NA
"THREOCAT-PWY",NA,NA,NA,NA,NA,NA,31.501251,48.438183,NA,34.031294,47.454994,NA,NA,NA,44.783875,NA,NA,NA,47.413215,37.682195,NA,NA,60.690089,59.562643,72.883489,NA,NA,NA,53.171817,23.216225,NA,NA,NA,64.4538,NA,NA,NA,NA,NA,NA,51.999348,NA,56.924599,54.698538,44.107314,NA,NA,47.449988,25.89988,NA,33.941142
